license_number,full_name,gender,birthday,address_id
1459716828,Elie Quipp,F,1975-07-14,1
1416717128,Nicholas Slaight,M,2002-07-12,4
58959772,Morgan Askell,M,1985-02-17,5
4528930905,Kristine Deverock,F,1971-05-27,7
9276619450,Cynthie Roobottom,F,2000-12-16,14
1466699002,Jillian Dimock,F,1966-12-11,15
8338410957,Guthrie Smye,M,1986-11-11,17
6997303792,Julianna Osichev,F,1951-05-03,18
5081036892,Byron Piecha,M,1974-01-07,24
913536434,Ray Connor,M,1960-12-01,30
420783266,Marianne Cocksedge,F,1962-04-26,32
5173959718,Damita Riccardo,F,1955-05-14,34
3642508404,Elysee Zapater,F,1983-01-06,35
4502284517,Teodoor Tydd,M,1955-07-21,39
941216632,Angus Cradick,M,1977-01-12,40
8707151370,Adolf Matschke,M,1982-12-20,41
6330409863,Harmony Coping,F,1990-05-25,46
6103775793,Brandie Vear,F,1942-06-06,51
2251899789,Jed Menico,M,1974-05-13,53
2784926685,Pace Khalid,M,1991-06-12,54
2429545014,Garald Halsted,M,1952-10-13,55
3179826307,Mariana Sharman,F,1944-01-22,56
6734329635,Flem Hardiman,M,2001-05-03,59
7293373731,Farley Adenet,M,1985-06-21,61
8381437774,Solomon Blakeman,M,1945-01-24,62
4676274503,Dmitri Laird-Craig,M,1959-01-18,63
8299278290,Isidro MacNish,M,1998-01-29,64
8088856438,Murvyn Budd,M,1968-08-15,66
2930274072,Adelaide Storres,F,1976-10-06,70
608794417,Bob Kluger,M,1977-10-13,71
3930469445,Augusta Longhirst,F,1949-06-12,73
5625375383,Alejoa McNelis,M,1997-07-17,77
1772392824,Arlin Pendre,M,1946-07-05,78
7967786385,Chevy Kleine,M,1980-03-20,79
5997162104,Myrlene Preshaw,F,1948-09-03,80
1487391158,Kally Lovelock,F,1994-06-17,83
4838095613,Charo De Bischof,F,1961-05-19,85
2612606326,Paxton Landis,M,1970-11-21,87
1128842781,Mireille Galero,F,2000-08-25,89
2546797455,Jareb Arnoll,M,1969-09-22,90
9412159266,Marve Marrows,M,1977-07-30,91
2910680909,Lorry Dunmore,M,1947-01-16,98
7713355859,Sven Moralas,M,1944-11-08,100
7595560145,Rolfe Haversum,M,1990-04-23,101
9876465884,Sigismundo Lavarack,M,1996-09-05,102
5119996624,Salomo Normanvell,M,1985-05-09,106
2078972523,Margeaux Simonich,F,1973-12-27,107
6518682926,Barrett Bucksey,M,1991-08-05,112
3447539783,Eve Gabbidon,F,1957-09-04,115
2939791739,Patin Louch,M,1996-01-28,117
5095740959,Dorrie Mary,F,1962-05-14,120
4012915395,Garv Winsper,M,1994-02-26,121
7816643612,Reginauld Frye,M,1983-03-18,122
2303564684,Ronica Spring,F,1987-01-20,124
4932089967,Rickard Goddard,M,2000-01-22,125
4932820612,Hanny Lambirth,F,1991-09-24,126
2462977319,Flint Murdy,M,1988-12-18,127
9605355644,Geri Van Der Straaten,M,1945-06-28,135
5566286209,Ardella Collman,F,1998-07-13,139
9286293005,Kellen Woltering,F,1986-03-17,145
2810726432,Brittney Nesby,F,1955-12-07,146
8356732001,Fayth Lawrenson,F,1983-08-28,150
3195507526,Alick Tyght,M,1983-08-20,156
9926144611,Gayel Sangar,F,2002-04-02,160
470582014,Nowell Jenken,M,2001-02-19,161
7381244233,Evy Bernardotti,F,1946-08-07,162
1342108625,Crawford Eppson,M,1971-05-29,165
9575754613,Ross Bresner,M,1958-05-23,167
1880381729,Brittni Richardon,F,1964-05-20,168
7775650608,Archibald Myhill,M,1960-04-19,173
2477662299,Lucine Bromage,F,1981-01-31,177
7856208707,Jarrad Buxy,M,2002-10-14,179
2207904355,Osbourn Gilliland,M,1943-02-26,182
7142683736,Ardenia Yashanov,F,1942-03-03,183
3655765005,Damiano Brosoli,M,1961-06-29,184
448952745,Mycah Cortese,M,1983-12-30,185
6985190702,Rudy Haggith,M,1980-11-28,188
6970264341,Wolf Spore,M,1971-02-13,191
6064194711,Oren Remnant,M,1949-04-01,194
2621194249,Carlina Duffree,F,1991-12-10,197
1542285077,Alejandrina Petty,F,1967-12-27,198
1476992639,Howard Aish,M,1987-11-16,202
8226190121,Richart Dresser,M,1968-04-02,206
4648159575,Timi Mengue,F,1980-05-22,208
7528627015,Christoper Yacobsohn,M,1996-03-14,209
4231155602,Heddi Mowle,F,1967-09-28,210
6251675679,Barbie Goddard,F,1976-04-26,214
898257721,Quinton Bonnyson,M,1959-07-11,215
5948807290,Kitti Bagg,F,1981-05-11,217
6373682386,Donella Balassi,F,1944-07-22,219
5022233691,Cirillo Ballintyne,M,1963-11-03,220
9611758250,Ransom Swalwel,M,1979-07-02,222
883631466,Leanna Darcey,F,1987-04-25,227
8249163834,Camel Huggan,F,1947-08-18,231
476170832,Northrop Pideon,M,1990-08-04,234
8796604725,Cordula Fox,F,1969-08-29,235
7101990878,Dennie Moncreiff,M,1947-04-13,240
5310232395,Parker Turland,M,1967-11-07,241
3263271429,Brigg Ramlot,M,1945-07-04,242
5565959293,Kain Goodburn,M,1963-09-25,243
217626543,Zoe Begg,F,1990-06-25,244
9138367757,Izabel Trematick,F,1991-06-17,245
3171217627,Ursa Gerg,F,1987-01-21,247
4553118554,Tiffy Spellacey,F,1958-05-16,248
894661436,Webster Clohisey,M,1996-07-09,249
8665505928,Blair Meale,F,1990-04-14,250
5908988613,Wyndham Terney,M,1972-08-01,252
2789420264,Dale Mauvin,M,1984-09-23,254
9655273399,Dannie Kennington,M,1951-04-18,256
6190058432,Lay Guiot,M,1999-03-05,259
1858983270,Aubrie Lipscombe,F,1948-02-24,262
7473551270,Petunia Folder,F,1975-07-25,270
4092795269,Royce Mourgue,M,1980-08-26,272
6142671172,Berkley Prahm,M,1963-02-03,273
884844920,Lawton Crosi,M,1948-10-27,275
2894713422,Rodrick McAless,M,1951-04-03,277
3422253034,Hart Maddie,M,1950-11-03,279
2452892844,Emylee Lewty,F,1975-08-23,280
2578130768,Annamaria Scones,F,1948-12-10,281
1933291552,Dennie Mogra,M,1960-11-16,284
1159738206,Budd Potte,M,1976-04-24,285
5123711356,Sharl Gatehouse,F,1946-11-28,287
6393833308,Nada Winspire,F,1942-09-15,294
6371094633,Selestina Southerns,F,1969-04-06,302
335669174,Noell Gerritzen,F,1961-09-24,304
7787343294,Fabian Callinan,M,1986-12-26,3
6830340144,Chrissie Gland,F,1998-10-24,6
2461250409,Frederik Northwood,M,1980-03-10,7
6074985303,Andrew Vallentin,M,1946-06-19,9
2949004285,Ab Berthon,M,1974-04-29,12
3418908647,Britt Ference,M,1992-04-16,15
180019321,Paten Giovannacci,M,1977-02-16,16
7848827357,Katharina Cornfield,F,1944-10-23,17
7441937126,Morey Kilday,M,1942-10-13,18
1289040145,Merry Halstead,F,1943-08-23,19
8019686818,Osbourne Concklin,M,1946-03-03,20
9486924781,Peri Grahamslaw,F,1940-06-17,21
9085377153,Valencia Dwyer,F,1968-04-20,23
9157972870,Georgie Bromley,F,1946-07-07,26
5398650693,Dalis Venny,M,1972-08-16,27
7577536311,Lanny Nelligan,F,1995-08-12,31
3476963805,Noellyn Marzelli,F,1946-02-21,32
7962255301,Tucker Pinel,M,1983-12-07,33
8473725481,Eulalie Benzie,F,1986-07-25,34
8501017618,Chickie Henker,M,1983-11-11,36
2733625201,Allyn Hastings,M,1998-04-08,37
5583024379,Leona Bridewell,F,1998-06-15,41
7857918801,Ki Kynton,F,1957-12-22,43
3993497972,Dru Quantrill,F,1950-07-27,46
2259767954,Marrilee Mountcastle,F,1962-10-16,47
7276364644,Rriocard Defew,M,1954-09-29,52
2967021206,Burl Cuncliffe,M,1980-09-03,53
5684721851,Minnie Matovic,F,1977-01-10,54
2489902354,Elsinore Pitfield,F,1981-12-20,62
3530133295,Roscoe Machan,M,1970-06-11,66
4776207527,Isidoro Yurivtsev,M,2002-04-15,69
6534683275,Arie Frazer,M,1979-11-15,70
450381012,Emalee Glassman,F,1984-12-24,72
4763498514,Jo-ann Baseke,F,1982-06-15,78
4661920872,Maure Dahlman,F,1949-04-25,79
2679076606,Egor Bigglestone,M,1995-03-02,80
7413059307,Mella Habbergham,F,1965-06-23,82
7270241175,Desdemona Bontein,F,1984-12-27,92
5262035914,Millisent Giannoni,F,1971-04-24,93
6683105100,Sharai Salazar,F,1985-11-22,94
6073273942,Far Grelik,M,1991-05-04,96
2421418534,Zulema Durnian,F,1989-05-29,99
3530147190,Cecilia Klimshuk,F,1963-12-26,103
6282869318,Cahra Clemmensen,F,1962-05-18,106
1251818586,Gasparo Whieldon,M,1979-08-29,110
3364096073,Gussie Minney,F,1969-04-23,111
9976367840,Chrystal Jarad,F,1945-04-14,116
3724276361,Bastien Cypler,M,1960-04-25,119
2764402554,Jen Sture,F,1969-04-25,123
6498661786,Alvera Sharnock,F,1995-11-05,125
6610414206,Giacopo Frackiewicz,M,1941-11-10,126
4825420472,Debbie Jee,F,1967-02-23,131
2370991386,Carrol McCarroll,M,1974-07-10,134
6339881175,Eziechiele Cregeen,M,1950-11-22,137
379817950,Arnold Parley,M,1967-09-06,140
787565187,Emmye Mephan,F,1986-01-05,146
1804154393,Reade Roulston,M,1989-05-23,148
8135751658,Jarvis Drayton,M,1948-02-28,151
7526293725,Philippa Pratt,F,1954-04-30,152
5026093530,Jammie Gimbrett,F,1949-05-12,158
4897644477,Natala Stearnes,F,1970-01-21,159
4468550394,Anetta Kirkman,F,1967-01-10,164
7361665685,Doralia Kops,F,1997-01-15,166
3289700877,Leona Millyard,F,1952-04-16,170
5427979566,Petronella Yusupov,F,1990-03-02,171
8522013978,Elsa Peterkin,F,1976-08-28,173
6347139126,Dinnie Highton,F,1967-12-05,174
2335691649,Bunny Searby,F,1967-09-10,175
7160146,Roley Fontenot,M,1997-08-12,177
2864288118,Dwight Ingreda,M,1982-04-24,178
3839557577,Kelsey Chittenden,F,1987-10-05,180
8882947224,Wilton Bouldstridge,M,1976-08-07,182
9537618009,Bertram Drewett,M,1945-08-22,184
6559591227,Gerianne Hafford,F,1970-08-29,186
9798775759,Jenilee Hammerberg,F,1944-09-23,188
9146996311,Dottie Rooksby,F,1991-08-13,189
965270194,Vevay Yeldham,F,1942-12-29,191
4374363265,Damita Humbey,F,1952-07-23,192
126192716,Petey Hearsum,M,1981-04-10,193
1810788575,Cornela Rubi,F,1974-04-14,194
4025235663,Brooks Chalcot,F,1976-03-09,195
5123615695,Freddi Legonidec,F,1950-04-01,198
7702084276,Billi Haydock,F,1972-08-13,199
9709892916,Augustine Fenby,F,1970-02-17,201
8410715214,Hamel Bauduin,M,1945-11-03,202
732776564,Cobby Bewfield,M,1974-07-30,204
3644703085,Theresita Ropcke,F,1966-10-14,206
1453385195,Viv Pencot,F,1983-04-14,210
8708228336,Candida Deer,F,1957-07-21,212
8019125386,Esra Deboo,M,1972-10-28,213
1269480706,Saxon Minillo,M,1996-12-06,214
9503473457,Shari Lantiff,F,1999-01-19,217
7133693442,Janot Casel,F,1960-09-09,218
6584123888,Emmett Nickell,M,1968-10-30,222
130597914,Dominic Cerro,M,1957-11-10,224
3461209265,Marcelo Slavin,M,1947-08-19,228
7229017149,Gill Twigg,M,1976-03-06,232
4736184751,Corella Simmonite,F,1941-01-27,234
3290782544,Pooh Romayne,F,1983-03-26,236
279405538,Neddy Caldicott,M,1946-12-30,237
6398653847,Reggis Ellwand,M,1983-03-31,241
9589372090,Dalton Robardley,M,1964-08-24,243
9227040883,Jacquelynn Bellini,F,1964-06-14,244
1420011588,Clyde Benet,M,1996-03-13,245
937846573,Idelle Massot,F,1959-01-26,247
6377673199,Nowell Pinnere,M,2002-11-24,249
4444840236,Elysee Struis,F,1959-09-05,252
802290981,Charisse Teresa,F,1994-06-11,258
1152340118,Kipper Habard,M,1982-03-11,264
8340849477,Silvester Laden,M,1980-03-22,267
8743228739,Imelda Augie,F,1974-12-20,271
3379040124,Matt Gilleson,M,1970-01-04,272
2894173575,Norman Robjant,M,1962-08-25,273
3353910459,Kennett Antonchik,M,1950-03-04,275
372664422,Monah Hinrichsen,F,1976-03-25,276
8231770303,Deb Bourtoumieux,F,1987-07-13,277
2999591912,Madeline Collman,F,1999-08-11,280
3044741010,Lina Lackinton,F,1986-06-25,281
1696605212,Kayley Remmers,F,1970-09-05,283
5465674670,Delila Dougharty,F,1983-10-09,284
7928177958,Arri Huckett,M,1954-11-30,285
5248740590,Alfy Guerro,F,1974-10-14,286
1764028876,West Auton,M,1988-12-31,287
8310140181,Daven Carlsson,M,1954-04-15,290
5862567248,Maryanne Gracey,F,1959-11-12,292
7852182166,Sande Willbond,F,1976-10-23,3
5235392775,Guy McGruar,M,1992-09-05,7
3378571562,Nadean Pellingar,F,1951-09-14,9
340640279,Kaine Geddis,M,1952-07-14,14
2405963163,Jazmin Druce,F,1991-12-07,16
2637178822,Lelia Sommerlie,F,1960-03-30,17
3805259730,Olenka Harrowing,F,1942-04-09,22
5423426045,Pancho Cape,M,1947-06-15,23
7489059204,Jarvis Lambdean,M,1976-09-13,24
3009273310,Marie-jeanne Guterson,F,1967-04-05,27
2432047308,Philis Moir,F,1949-08-03,30
2403811561,Sherwin McManamen,M,1997-05-31,37
4146207898,Ivan Frigot,M,1948-03-16,39
88755701,Giffy Alen,M,1958-05-23,40
2636116469,Gianni Keely,M,1949-03-24,41
8857634189,Wynnie Esilmon,F,1980-06-03,42
3527198547,Cassandra Cousins,F,2003-04-24,45
5270148403,Lindsay Oakly,F,2001-05-06,49
4774880830,Simmonds Weigh,M,1994-02-09,50
8364776548,Jere Tuff,F,1963-01-14,56
1322742292,Asia Borthe,F,1998-05-26,58
864035941,Tracie Ardron,F,1944-05-07,59
8829116478,Sollie Vasilenko,M,1989-01-14,60
4655980665,Vaughan Novkovic,M,1944-02-09,61
2967237942,Leonanie Burgum,F,1947-12-24,62
9450326055,Fan Salomon,F,1963-05-11,66
5424884955,Ninetta Jacquot,F,1990-01-06,72
6619103017,Demetris Dene,F,1984-06-19,76
9142343103,Niven Board,M,1951-10-27,77
5102878846,Hilda Spikeings,F,1992-07-12,81
1329966052,Harmonia Bresland,F,1966-11-02,83
9947134092,Meir Wittke,M,1985-11-09,84
774018388,Hasty Gethings,M,1975-10-20,86
35638473,Germayne Thorold,M,1973-07-31,88
1131481063,Claus Moreland,M,2001-02-15,93
5834492576,Babita Adrienne,F,1949-02-18,94
9454182811,Edmund Meltetal,M,1978-06-04,99
892464372,Theresita Croutear,F,1954-07-08,103
5410788200,Manfred Emeline,M,1988-12-09,106
9161773093,Maxy Gribbon,M,1945-04-20,108
3347955749,Wadsworth Vogeller,M,1946-12-07,117
6161457669,Dominique Sorby,F,1978-12-11,118
6902300103,Tanney Gooders,M,1972-07-06,120
4732874142,Blakeley Ambrois,F,1957-01-18,121
2400834682,Norri Pickthorn,F,1996-05-22,122
3353679220,Corrine Butland,F,1990-05-13,123
8623673715,Arch Valti,M,1991-05-11,124
8678128651,Ulrich Braxton,M,1953-06-13,125
8324074356,Dan Bielfeldt,M,1960-08-05,127
1043488309,Bibi Gammidge,F,1959-08-11,129
8368649018,Heddi Skeates,F,1958-01-18,130
9580907936,Christoffer Whiten,M,1971-01-20,132
322630381,Brandice Chatin,F,1987-05-28,135
6686857667,Abagail Leethem,F,1969-08-23,137
7024211517,Doralynn Wolfenden,F,1969-10-14,138
9439906248,Lockwood MacKinnon,M,2002-04-26,140
5859254607,Bob McGuirk,M,1995-03-08,142
3121032579,Madge Beams,F,1988-10-04,147
9444920339,Marlena Franiak,F,1999-02-07,153
7311757212,Donn Dysart,M,1951-02-17,154
2792693333,Leone Fleet,F,1957-11-06,156
5870273012,Rivalee Errey,F,1965-09-15,158
905981696,Derby Mingauld,M,1975-05-25,159
3294114737,Lesley Plank,M,1993-07-08,160
5935103349,Florella Orteaux,F,1963-05-15,162
6200017793,Ardella Rucklesse,F,1971-08-20,165
4704499976,Toiboid McKinless,M,1952-12-08,169
4307758206,Leora Keson,F,1996-06-29,171
7410093140,Auberta Beddis,F,1974-04-30,175
9375503471,Micaela Milligan,F,1965-04-11,176
9822909160,Giles Farleigh,M,1987-02-12,177
4763613033,Diarmid Chaise,M,1974-12-04,179
3702710686,Hernando Orwell,M,1991-03-15,185
4571600449,Jenica Eam,F,1955-08-13,187
6846316921,Jacquelyn Stickings,F,1946-10-25,191
1747069123,Katuscha Hackwell,F,1941-02-26,192
5825073089,Cullen Eannetta,M,1988-10-09,193
6552147740,Valery Maasze,F,1961-06-02,197
6367520132,Issie MacFarlane,F,1969-11-15,200
3974226192,Broddy Fardell,M,1943-05-14,201
9425780349,Lana Snoden,F,1941-07-12,202
6469958684,Muire Itshak,F,1972-12-22,204
8552045724,Quintilla Camelia,F,1986-07-14,205
8773693820,Charline Blinco,F,1950-10-08,208
6017495036,Melli Cruce,F,1970-05-22,211
7688490905,Allin Mellonby,M,1997-08-07,213
5822776989,Deana Van Niekerk,F,1970-07-02,214
2542775326,Noemi Pollett,F,1961-12-19,217
3719755295,Cass Grimster,M,1962-09-18,220
6470493301,Durand Saffon,M,1985-03-15,221
4321294542,Sonny Gooders,M,1973-05-27,222
2085585714,Ursuline Skeffington,F,1979-06-11,223
5993522031,Ashby Jailler,M,1990-03-31,225
756802539,Hally Morin,F,1968-03-01,227
9173857812,Michele Korneichuk,M,1987-06-09,228
7670247424,Ilse Hulcoop,F,1982-05-08,229
563800014,Irwin Scarlin,M,1988-04-20,231
1696678275,Dianemarie Paunsford,F,1961-08-25,235
2568355083,Mel Mounsey,M,1998-07-24,236
8884510619,Ingeborg Lisciandri,F,1957-11-20,244
8251543769,Rog Attack,M,1998-10-09,245
577979995,Kym Aneley,F,1977-07-15,248
4297457895,Karina Linfoot,F,1940-07-05,250
9738647368,Rubetta Goodbairn,F,1992-10-13,251
9902281331,Derek Pietruszka,M,1998-08-04,254
8423870210,Sigmund Eckly,M,1981-08-17,256
1181125315,Delbert Harly,M,1946-03-25,260
7934520923,Balduin Jodlkowski,M,1953-04-28,261
2764789593,Joe Figgen,M,1976-06-22,263
1952006027,Rourke Arundale,M,1943-03-20,266
8011953517,Dylan Temperley,M,1978-02-05,268
6101057236,Ruthanne Kwietak,F,1942-12-26,279
957731499,Kipp Lynn,F,1979-06-09,281
9191839173,Pauletta Cogman,F,1953-12-23,286
3094918934,Maye Cristoforetti,F,1953-07-17,291
4968307833,Lyndy Trapp,F,1961-07-07,292
989896450,Tadd Spondley,M,1949-06-06,293
804996499,Bennie Horsley,F,1982-08-30,298
8543159550,Jaquenette Moncreiffe,F,1957-11-17,299
2002766320,Fraze Djurdjevic,M,1971-03-08,301
2646738182,Zola Varnam,F,1978-05-30,304
4800186983,Vail Fellon,M,1964-10-02,306
5438413847,Audrie Blow,F,1994-05-01,308
5686799666,Oralie Schuricke,F,1941-09-12,312
249847771,Archie Vinau,M,1968-12-19,313
2649969926,Avie Harmon,F,1955-12-17,3
4838882816,Alina Bowick,F,1984-07-08,4
3089061145,Massimo Hallums,M,1997-07-22,12
9322691843,Alexandrina Dyneley,F,1968-06-09,17
6982982534,Alejandro Sharrard,M,1974-09-03,20
4508933690,Nicolea MacVean,F,1992-06-21,22
5371397855,Bowie Pritty,M,2002-01-19,26
9539029278,Andonis Pagitt,M,1994-08-30,27
7110082730,Winna Denzey,F,1963-11-19,30
8729771940,Crin Ellwand,F,1946-02-23,31
5216220909,Horst Rahill,M,1970-04-18,33
6701862559,Danyette Kingdom,F,1974-10-13,34
5222179661,Agustin Gatchell,M,1983-10-01,39
1836223838,Maddie Summergill,F,1991-08-25,40
6721350826,Maggi Tirrell,F,1988-06-20,43
5009761117,Rustie Radki,M,1974-08-30,44
7381714748,Ricky Jennings,F,1964-11-14,48
6575365429,Brockie MacMaykin,M,1977-05-05,50
1784052334,Norbert Bridell,M,1990-03-13,51
9843583684,Ilise Stucke,F,1961-04-26,53
6037109210,Moyra Purton,F,1945-09-13,56
6446665001,Bill Essex,M,2000-12-19,57
389887010,Worthy Rodenburg,M,1955-07-14,64
5322555125,Jerrome Bode,M,1969-07-26,65
5243217903,Locke Snelson,M,1941-05-26,71
2388078186,Zelma Tootal,F,1974-12-05,74
5478743382,Brenna Hartell,F,1959-01-19,75
3732704829,Robyn Bisco,F,1959-10-30,78
3332722575,York Baggallay,M,1944-09-12,79
1081714249,Ronalda Deetlof,F,1941-06-07,84
2214983081,Gwenny Hazeldine,F,1943-04-07,91
3141189482,Maryjo Exelby,F,1957-04-16,94
4408392659,Karrie Bodicam,F,1940-12-11,99
6339986818,Ezra Lehrmann,M,1959-01-06,102
9616409389,Deane Meffen,M,1989-02-13,103
2682001240,Vanda Membry,F,1952-07-28,110
1132770605,Ab Cardenas,M,1965-05-12,113
9856158584,Genovera Kidwell,F,1998-10-05,114
1390810621,Micheline Guidoni,F,1985-06-10,115
4152306260,Robbi Ceillier,F,1977-12-06,116
314729982,Benedetta Earingey,F,1972-05-01,118
1047321739,Ira Spurden,F,1960-09-08,121
8565139121,Allin Wann,M,1949-06-29,122
3749439461,Shirley Goreisr,F,1972-08-06,123
6434474389,Dredi Doll,F,1965-08-16,125
6592769558,Lynelle Blodg,F,1940-10-21,129
8392658272,Beniamino Rowen,M,1990-07-02,130
9581933943,Faber Rahlof,M,1960-11-16,131
127367233,Zacharias Luna,M,1962-11-20,134
5536165982,Wells Ollivierre,M,1968-08-30,136
6267108624,Germaine Kivlehan,M,1943-12-15,139
1923913752,Barn Duinkerk,M,2001-07-30,141
4120753100,Mitchael Connerly,M,2003-01-31,142
1394412786,Arleen Robertacci,F,1996-06-20,145
6360681210,Jolyn Benedite,F,1970-11-29,149
494026191,Halsey Le Borgne,M,1953-03-02,152
116769727,Yancey Inger,M,1970-01-23,154
4199116452,Mattias Osban,M,1984-10-22,157
1711235175,Rhodie Fagence,F,1949-06-04,159
9823873169,Felicio Coldman,M,1950-08-23,160
3415879917,Freddie Treleaven,M,1988-11-10,161
9515921624,Janet Franciottoi,F,1962-12-30,165
8185797260,Artair Benko,M,1988-02-24,168
83130796,Kerrie Gabbat,F,1941-11-30,169
4315784435,Sterling Passby,M,1985-08-24,178
6843808460,Erinna Knowlden,F,1947-10-03,179
3806382305,Kippie Mackrill,F,1952-03-14,180
1569635919,Karoline Covotto,F,1985-11-21,181
8723599154,Ardis Goulstone,F,1955-05-02,186
1312346459,Eugine Pavkovic,F,1953-10-04,192
4062211951,Deanna De Mattia,F,1972-10-21,194
7638191760,Maryrose Milbourn,F,1978-06-06,197
7688788887,Alfons Leddie,M,1990-07-07,198
3144033844,Tiena Skocroft,F,1972-07-08,200
3134829276,Burty Stidworthy,M,1961-10-03,203
3393639720,Adolph Burdis,M,1980-06-01,204
2626675012,Griff Roddam,M,1982-03-15,206
8749508744,Siffre Halvorsen,M,1998-05-18,208
525221223,Gil Gilphillan,M,1977-03-25,213
7484068903,Shandee Aburrow,F,1943-05-17,214
8230731523,Harald Grishin,M,1952-09-15,215
3967075986,Ford Menichini,M,1988-08-26,220
7045654110,Thaddus McGeorge,M,1963-12-05,222
1824604956,Katlin De Cleen,F,1953-08-22,223
6957794530,Jillie Djokovic,F,1965-01-21,226
6978597544,Brock Lawlor,M,1946-12-25,227
8809156121,Rayna Thaxton,F,1967-05-07,229
3419749517,Marne Tukesby,F,1984-01-13,230
4173108027,Pryce Lefwich,M,1975-11-05,232
9391921193,Brewer Garlick,M,1982-04-11,233
2405718902,Alis Malsher,F,1999-09-12,235
8677600492,Verile Ligerton,F,1955-03-06,236
3881900755,Fabio Burkert,M,1967-02-21,238
8323871519,Ulrick Layfield,M,1962-09-21,242
9134299525,Lauraine Van Hove,F,2003-04-26,245
2211802485,Gideon Serridge,M,1957-11-15,247
1830125070,Gay Linner,F,1969-03-09,249
8253235249,Emma Rowson,F,1958-12-08,251
9898798337,Giorgi Smith,M,1989-03-13,252
6514066475,Cassey Sanz,F,1993-11-24,253
3733288817,Otho Romagnosi,M,1971-02-03,255
3244503724,Celinda Wardel,F,1952-01-06,256
7194701715,Gage Jilliss,M,1965-07-14,258
8271160708,Hewitt Dowzell,M,1948-01-05,259
8054758127,Siegfried Hinchon,M,1944-07-11,260
6954609718,Austen Hubbart,M,1977-08-15,264
3487070618,Bertie Doorly,M,1976-07-15,267
7490381061,Foster Balassa,M,2003-01-03,269
7665822652,Josephina Bilston,F,1943-05-01,275
6118285448,Debee Franschini,F,1941-05-24,277
7930360586,Whitby Grassot,M,2000-03-26,279
3853955643,Ronny Rowbottom,F,1951-07-24,280
7134260216,Zach Elsey,M,1942-03-21,281
6065473773,Maxwell Rawstorne,M,1970-04-29,282
9098643011,Buddie Sherlaw,M,2003-05-14,283
274713534,Patrick Howsego,M,1999-05-27,287
3266500245,Sarina Finch,F,1953-03-20,288
8505300624,Harmon Chesher,M,1998-01-05,291
1212722357,Orton Lethby,M,1994-01-20,292
1008692572,Sandra Gravell,F,1990-12-30,293
5467497226,Abba Grenshields,M,1978-05-23,296
3985190717,Patton Pearn,M,1950-04-18,299
802148736,Verna Zanicchelli,F,1987-07-26,302
3989551988,Alyda Dodman,F,1960-01-06,304
1341805365,Bing Rustedge,M,1996-10-26,305
797126781,Solomon Chapelhow,M,1963-02-27,1
3650541019,Cazzie Pablo,M,1987-05-07,9
8117381011,Desiri Roddick,F,2002-07-20,10
3993405154,Kriste Scarr,F,1975-11-22,15
5742860592,Torrence Cassy,M,1999-04-19,18
5411163869,Ozzie MacAskie,M,1973-01-22,19
2522956589,Maryellen Fordyce,F,1967-03-12,21
9244961839,Jeralee Housaman,F,1978-03-24,22
132838731,Giusto Durbin,M,1978-03-05,23
7439412934,Osbourne Capelen,M,1961-03-11,24
3625850217,Anderson Jinkinson,M,1962-02-04,25
1819014007,Langston Gilchrist,M,1998-06-17,28
5002695237,Codi Stolle,F,1986-08-23,29
6817035386,Ari Eslie,M,1943-02-06,31
6914855985,Shurwood Mulrooney,M,1980-12-03,32
6967581856,Diann Sutherby,F,1978-10-30,33
6660166408,Hoebart Bendelow,M,1950-07-06,34
1162241086,Anatol Irvine,M,1954-09-18,37
686582584,Fionnula Ascroft,F,1995-11-05,41
9760080188,Sosanna Midgley,F,1953-05-15,47
1886931341,Royce Axston,M,1969-03-20,48
2070272362,Aldous Wiersma,M,1964-05-07,50
3953003232,Fidelity Nield,F,1942-09-04,52
6164163247,Alica Pawlett,F,1980-07-20,54
3861095360,Jannelle Santoro,F,1985-01-01,58
5184831604,Galvin Dobbison,M,1970-07-04,59
4031974284,Sabina Lettuce,F,1965-09-18,60
8308148141,Dom Sheircliffe,M,1979-07-12,63
1737783490,Cello Rudloff,M,1961-02-08,65
2718613712,Malachi Winkless,M,1951-08-29,68
5785784758,Emilee Dubs,F,1942-10-01,72
926141658,Derby Boss,M,1979-07-19,73
1319879640,Izabel Skells,F,1989-08-17,75
9264598956,Marianna Schult,F,1999-06-15,76
8646252790,Angie McAllan,M,1972-05-31,77
8280779595,Nannette Follet,F,1941-02-14,78
2476509469,Horten Duddy,M,1969-07-11,80
7391871222,Johannes Sandyfirth,M,1981-08-26,82
7159783227,Rudie Verdie,M,1951-05-15,87
5390176909,Dolli MacKeague,F,1991-03-08,89
7961832281,Ave Lubbock,M,1951-06-21,91
9309873080,Ange Haitlie,M,1970-12-14,93
1369867195,Nestor Moss,M,1966-12-23,96
7229366777,Noella Pinson,F,1941-07-30,101
9405614629,Martelle Brideoke,F,1967-01-05,102
512843460,Asa Eberz,M,1944-11-01,104
9956642448,Howie Consterdine,M,1987-03-01,105
3933759543,Karlen Scrammage,F,1998-03-29,109
6712723805,Felisha Sandercroft,F,1984-11-17,110
3668948102,Sammy Woollam,M,1942-07-14,111
6662873004,Ced Dymick,M,1994-04-09,113
5556060998,Nichole Bythway,F,1958-08-25,114
6741357379,Fonsie Shieber,M,1987-03-17,116
4064601319,Nolie Macak,F,1985-10-19,120
3114016024,Mattheus Giorgielli,M,1957-06-04,121
2979757612,Rhiamon Willgress,F,1977-12-03,124
3761118381,Bethina Koppel,F,1956-04-21,127
6810347532,Katharine Surgenor,F,1978-06-04,133
7119468476,Sansone Shank,M,1984-01-20,134
7188239631,Roseanne Gilbee,F,1946-11-27,135
4979522415,Josi Di Biagio,F,1989-07-01,136
9125533797,Wyn Bettles,M,1950-08-19,137
1687145554,Duffy Pybworth,M,1948-12-15,141
8969338160,Tiena Woodruffe,F,1998-09-22,146
1169741707,Augy Armitage,M,2000-02-05,150
807539109,Jenifer Valentino,F,1976-11-29,154
6327033349,Frieda Culcheth,F,1965-10-19,156
6390421912,Elli Ranns,F,1940-11-05,157
7796172598,Verna Khotler,F,1967-05-09,164
1959878339,Forbes Burgher,M,1995-01-21,167
3217091326,Phillipp Choak,M,1981-01-11,172
7193229013,Sal Gilmartin,F,1984-09-17,175
4983064446,Monro MacInherney,M,1953-08-09,179
7716387873,Pepillo McDermid,M,1961-03-30,187
6463688528,Gerri Pattisson,F,1997-08-22,189
2769684530,Tallie Bownd,M,1990-04-09,190
6602199797,Trueman Menego,M,1978-05-06,193
9873594496,Richart Iddins,M,1952-03-05,197
499625358,Beale Hammel,M,1963-12-22,199
9603710155,Miguelita Moulsdale,F,1968-02-04,200
3468323699,Seka Murrison,F,1986-01-10,201
3341960075,Janetta Gubbin,F,1942-12-15,207
9006355838,Jessika Vakhlov,F,1953-04-08,208
4892521471,Tamas Sobczak,M,1992-06-03,209
7030903319,Mireielle Sanford,F,1941-12-02,210
7958041707,Dulci Lamberth,F,1961-04-22,213
9328950969,Cathleen Croci,F,1953-06-26,214
123148753,Padgett Dronsfield,M,1950-06-30,215
9508547129,Tabby Lehrer,M,1982-01-13,216
6209341005,Nathan Thurstan,M,1946-03-25,217
4535922360,Quint Batting,M,1993-05-22,219
6996913971,Sheeree Mountstephen,F,1992-05-10,221
3429983315,Pattie Pettet,M,1961-11-09,222
4990232675,Allix Hadaway,F,1981-09-17,225
4540228582,Clair Barthelemy,F,1999-09-26,227
525568238,Stoddard Elkins,F,1966-02-03,234
5476189754,Flemming Goor,M,1956-09-14,238
8892249105,Cindelyn Werndly,F,1995-01-10,240
5210340613,Gothart Heninghem,M,1948-11-06,243
2066430137,Bary Hattiff,M,1958-07-11,244
2640789081,Maryjo Dudding,F,1942-12-06,245
9420509316,Dorella Wherrit,F,1957-02-12,249
5538910282,Kahlil Johnsee,M,1992-09-03,252
7250401151,Tami Eagan,F,1965-05-26,256
3758199209,Leigh Felten,M,1982-11-19,257
281310645,Reta Glowacki,F,1991-05-05,258
2611262652,Toma Mein,F,1990-06-25,259
184708181,Jackquelin Punchard,F,1984-01-03,262
3722506039,Davine Sigfrid,F,1989-01-25,263
768877838,Lucy Torrie,F,2003-02-12,264
6584389738,Carolus Sparling,M,1971-05-18,266
5356585379,Andrej Corbett,M,1969-10-25,268
6061435197,Jamie Castanie,M,1987-08-04,270
744249636,Bartlet Drummond,M,1999-06-19,271
1018627716,Wayland Buckmaster,M,1986-10-24,272
2768086881,Elisha Peake,M,1987-10-04,273
3349759839,Mariann Human,F,1948-09-24,275
4550160350,Gaston Westphal,M,1984-03-31,276
2154071283,Jamie Stell,F,1978-04-10,282
2642450886,Dorolice Cantopher,F,1960-03-20,283
2612782714,Vonnie Tugman,F,1961-07-28,288
3689321219,Emmett Kendrew,M,1961-01-30,293
311235075,Gradeigh Rowatt,M,1946-09-15,294
4018384707,Nana Thiese,F,1945-11-20,296
6906743514,Alia Nissle,F,1993-09-16,302
7983193169,Tonie Stinchcombe,F,1961-08-22,1
2419787447,Pavlov Fifield,M,1985-07-12,7
3627904359,Kimmie Hawtrey,F,1946-05-26,12
7640242371,Thorndike Iacopo,M,1971-01-10,15
2894175644,Vergil Algy,M,1957-12-12,16
6253442685,Brantley Turfin,M,1992-03-17,17
3150688890,Aluino de Tocqueville,M,1973-08-13,30
3233875209,Antonius Heimann,M,1966-05-28,31
8502192373,Trixie Shawcroft,F,1996-05-28,33
6242652768,Annadiane Brookton,F,1959-04-23,36
8418158120,Gard Burnard,M,1974-10-23,38
4646681059,Rosetta Marklin,F,1984-05-11,41
4318198660,Juliana Dykins,F,1953-10-16,47
3841215079,Far Allbon,M,1948-03-14,48
7222279160,Reinald Lamborne,M,1994-07-02,49
4106976997,Stacee Toderini,F,1993-05-12,51
7413982327,Crystie Cumberlidge,F,1978-10-07,53
9810221765,Blane Climpson,M,1970-04-26,55
1149768243,Tedda Forryan,F,1986-07-21,59
612370847,Rustie Rodden,M,1975-03-08,60
3058262343,Talia Charlwood,F,1992-07-26,62
5373453567,Carlotta Offiler,F,1955-03-02,64
1887012695,Kathleen Binton,F,1981-03-25,65
1280525734,Giselbert Brompton,M,1995-10-08,68
246515569,Kleon Ixer,M,2001-05-14,69
4034103019,Rebekah Hambers,F,1990-02-25,70
1070845553,Tamma Bettridge,F,1986-10-21,71
7030060247,Hurlee Videan,M,1968-06-03,72
5674190244,Craggie Grzegorczyk,M,2002-05-06,73
2005810528,Bernadette Aldam,F,1961-10-31,74
1073707307,Chev Aberhart,M,1981-10-25,75
1441720750,Addia Hewins,F,1970-02-18,78
1174843032,Richie Gavigan,M,1991-09-12,79
6693698031,Lutero Stickley,M,1941-08-20,84
8056121500,Ainslie Dupree,F,1960-05-23,89
3421852210,Fletcher Sherlaw,M,1945-05-31,90
2638917486,Doroteya Coleby,F,1977-12-23,91
1781064434,Adore Coot,F,1942-11-29,92
7779119916,Gibby Hawkin,M,1952-01-21,93
2431399123,Norbert Morden,M,1960-08-24,95
1892426939,Simeon Massey,M,1949-09-27,99
958615690,Aldis Belleny,M,1993-10-25,102
4507156461,Vicki Gommes,F,1949-10-09,109
8675752895,Danya Richardes,M,1955-05-14,112
7275405563,Shani Antonoyev,F,1975-10-07,115
1439302769,Imogene Spinella,F,1993-05-12,119
2733441411,Wally Reisin,M,1992-10-12,121
334707848,Darelle Ledbury,F,2002-02-02,122
6562698505,Devy Brideoke,M,1970-12-26,124
9507455260,Dre Abelevitz,F,1992-11-19,127
477169592,Leroy Mattheus,M,1946-03-31,128
8007929594,Winfred O'Deegan,M,1989-02-04,130
6113294526,Jess Eldershaw,F,1959-06-05,134
339090452,Bernard Parkhouse,M,1942-11-28,137
8556651282,Wallace Rushworth,M,1984-12-21,139
2491942519,Abie Giacubbo,M,1976-06-11,140
6198207272,Lavinie Gainforth,F,1947-03-02,146
9601992688,Laryssa Perfitt,F,1963-08-31,147
6863972475,Bartolomeo Barton,M,2000-02-13,148
3406594362,Barnett Chitty,M,2002-10-18,151
6901829747,Nicoli MacGilmartin,F,1970-10-15,153
1754318383,Orsa Luisetti,F,1962-02-01,154
1103384683,Martino Nund,M,1940-11-20,158
9153610844,Bidget Shere,F,2001-05-09,159
8552518470,Rosa Glandfield,F,1998-12-31,160
9722955579,Elga Bennedsen,F,1996-08-21,162
7456424605,Charlotta Patten,F,1978-11-08,163
1776330171,Haywood Corpes,M,1942-06-09,167
4755135026,Elke Popworth,F,1966-07-12,168
8854987260,Rosette Mingauld,F,1945-10-21,169
6396916041,Clywd Searchwell,M,1974-09-17,170
7808979617,Nessa Coupe,F,1976-10-28,174
4677850142,Devi Bruniges,F,1969-03-30,175
509204483,Sophia Girvin,F,1993-06-27,179
9585600406,Nananne Bollans,F,1987-07-19,182
5702564314,Georgi Gayle,M,1993-03-18,183
1542132574,Tish Cunde,F,1956-09-07,190
3134639891,Muffin Barus,F,1995-03-22,191
5214112085,Roxanna Boshier,F,1988-05-22,192
3189914851,Arabela Simcoe,F,1940-08-18,193
1555216245,Candace Ambrosini,F,1961-12-28,195
4250253578,Stinky Oxbe,M,1980-03-24,199
9602727590,Gaynor Kabsch,F,2002-06-09,206
7989477082,Ignace Prophet,M,1975-03-13,207
1515756020,Curry Stamper,M,1998-12-17,210
1772494792,Jayme Willmott,F,1967-08-19,211
1401670131,Judas Lynd,M,1980-08-22,212
4115671212,Adelbert Bassill,M,1942-05-15,214
1140819132,Lauryn Jacmar,F,1982-03-13,216
5289618018,Lyon Ivison,M,1989-03-27,218
8595829966,Cybill Lawton,F,1954-11-11,224
1308500796,Verena Cattow,F,1974-09-17,226
8825914574,Lauryn Tingey,F,1986-04-04,227
101532580,Raleigh Eagleston,M,1976-12-10,229
6209865328,Mozelle Gunter,F,1943-08-25,231
6492016807,Kirbie Fasler,F,1958-11-22,234
2959900214,Elmira McGinnell,F,1968-10-11,235
1076425379,Gibb Brann,M,1957-09-10,237
7358735873,Baryram Southerton,M,1949-07-13,238
7391336510,Pieter Kivelle,M,1959-03-06,241
1959291302,Ludovico Labrum,M,1969-03-25,243
4195999491,Katerine Balassi,F,1944-12-01,247
1617729901,Peria Catterson,F,1983-05-02,248
3143542330,Camile Dyers,F,1994-11-20,253
5235736736,Leigha Skermer,F,1944-11-30,254
1586823393,Belicia Farnill,F,1952-06-13,255
3657576585,Conrado Sabin,M,1984-02-11,257
6693751858,Twila Ugoni,F,1946-11-02,258
3881602929,Cyrill Holbie,M,1967-07-30,265
8090515028,Dore Pettegre,M,1942-09-03,269
2308572443,Wynn Stapels,M,1965-11-06,270
3367984260,Lonnard Toothill,M,1956-07-22,273
3049339776,Abramo Corsar,M,1981-06-03,274
6858659400,Dredi Camings,F,1993-12-31,275
7600517301,Carmon Maken,F,1991-11-25,276
9278442350,Kayle Ganter,F,1951-02-23,279
5665305958,Land Pendlebury,M,1973-07-19,284
6785851499,Davidson Kirsz,M,1981-09-09,285
692226546,Rand Wittman,M,1978-09-06,290
9529057962,Conway Greguoli,M,1989-03-08,293
7797638343,Lynnell Wennam,F,1989-11-04,294
4416069104,Filbert Kitchener,M,1998-01-21,296
5563900111,Josie Biles,F,1949-04-17,297
4401973607,Cari O'Bradain,F,1972-09-09,302
3306088217,Starlin Jefferson,F,1999-03-19,303
3388171975,Kenn Arnhold,M,1965-11-07,6
4196176805,Kirstyn Ealam,F,1942-05-23,8
4905662059,Aubrette Romanin,F,1990-01-28,9
9877308010,Nancey Scolland,F,1941-08-18,10
9067660155,Sela Pullinger,F,1944-04-13,12
305102843,Josee Pestor,F,1977-05-10,20
4774026260,Dael Medd,F,1960-07-11,21
6091115496,Michele Trickett,M,1990-06-29,22
1769505267,Alena Estick,F,1974-06-22,24
3152716130,Garvey Mugg,M,1994-09-06,31
5611626865,Carroll Node,F,1952-06-30,32
5747217987,Curtis Chivrall,M,1942-04-22,33
3231313073,Chad Bontoft,M,1977-12-26,34
6088501370,Rosene Faldoe,F,1980-11-27,36
8668622913,Janith Thorndale,F,1982-08-21,37
2542696850,Wallace Venning,M,1977-09-22,39
5849847568,Giovanna Kem,F,1985-02-23,40
9895640438,Tallia Kroon,F,1969-02-13,43
2195364258,Lina Whaites,F,1988-08-04,44
4596354014,Shirl Vasyutochkin,F,1998-01-19,46
3218225509,Estrella Esson,F,1994-04-01,49
1042855648,Heidie Doneld,F,1964-04-17,52
5478358820,Quincey Taillard,M,1991-04-10,55
9579476014,Rona Cufflin,F,1960-12-31,56
5857000049,Sawyere Chesman,M,1951-05-20,58
3107568675,Edd Matthesius,M,1943-03-24,61
8142180750,Ash MacGinley,M,1956-06-13,62
6753103241,Angelina McQuillan,F,1973-12-27,63
2505411226,Ethelbert Treasure,M,1995-04-26,66
4795342600,Harrison Tosney,M,1953-05-04,67
5958424508,Merridie Greig,F,1962-06-28,68
3560878269,Tresa Hillum,F,1966-02-04,73
3904196939,Christiana Aleswell,F,1989-03-30,75
8632564943,Randene Axton,F,1996-02-11,78
1905048446,Babita Genders,F,1991-02-16,80
4472147097,Trixy Heineke,F,1994-04-24,84
6179319520,Rafaellle Plom,M,1965-04-10,85
2309067070,Gary Wards,M,1961-07-16,86
3243349926,Denis Fetters,M,1949-11-20,89
5858214197,Jean McManus,M,1988-10-16,93
9504628634,Happy Tillyer,F,1948-07-02,96
1507265808,Daveta Tinniswood,F,1975-06-03,97
668906409,Jordon Smerdon,M,1968-09-07,99
7824777079,Yard Chadbourn,M,1987-02-09,102
7028433307,Nettle Yter,F,1968-05-17,103
2272696413,Tripp Ashburner,M,1941-07-23,106
957415897,Jaclin Laurenson,F,1942-10-15,111
9031677900,Lynelle Mabb,F,1968-01-08,113
1206035350,Alessandro Kenryd,M,1993-03-09,115
3962533795,Berny Dunster,M,1949-02-08,116
5096325516,Flore Midner,F,1953-08-07,121
8731603620,Ruthie Gainseford,F,1973-11-29,123
2292782476,Ginni Rolph,F,1946-05-15,125
3470999246,Myrlene Bernhart,F,1956-04-05,126
2755428645,Glennis Oddy,F,1989-02-17,129
7516778358,Drucill Bolzmann,F,1948-08-25,132
2533678206,Hamilton Grave,M,1968-08-02,133
382863400,Lowrance Wolver,M,1990-04-16,135
6314502776,Jethro Siddons,M,1965-12-14,139
5997125860,Eleonora Farrans,F,1960-12-11,141
9631271888,Mannie Jerrold,M,1944-04-05,142
8044640951,Dianne MacGilmartin,F,1991-05-14,143
8469482318,Bethany Goodredge,F,1973-12-08,148
3877241713,Ianthe Kyngdon,F,1977-04-23,150
1558671936,Michaela Finlan,F,1958-09-12,152
4604137516,Forrester Brodie,M,1963-03-04,156
7120104062,Malory Budgeon,F,1983-06-07,160
6848191790,Lyn Johansen,M,1948-12-18,161
3620081610,Francesco Kohrding,M,1943-08-09,162
7218490051,Tannie Aynold,M,1960-06-15,165
9455731737,Dosi Haccleton,F,1951-02-05,169
2333259684,Natale Cawsy,M,2000-03-04,172
4910567170,Etienne Balasin,M,1983-12-21,174
3860881554,Franny Rochell,M,1951-09-29,175
3855252058,Ashlie Kellie,F,1954-02-02,177
3614016031,Adolph Dowthwaite,M,1967-06-30,179
2771515792,Pierson Brogden,M,2002-09-03,181
8663519056,Tessi Trumper,F,1947-12-13,185
637427741,Legra Slowgrove,F,1984-02-22,186
5946188824,Burk Dews,M,1945-11-24,187
9656960290,Meta Kaubisch,F,1970-06-26,194
5849273973,Frederico Bamforth,M,1958-10-06,195
6026449359,Brocky Kirkbride,M,1956-10-05,197
5159095325,Robinson Ghiron,M,1962-03-14,201
1780017287,Shane Schuster,F,1944-07-08,205
7621066092,Lanette Leech,F,1965-01-27,209
4104165556,Zulema Lantiffe,F,1970-08-21,210
2595478608,Melba Rhodef,F,1997-12-11,215
2029184025,Bibbye Weatherburn,F,1975-04-23,217
7652940423,Bar Monteith,M,1959-12-18,218
3079338762,Samantha Malden,F,1942-10-11,221
7557342061,Feliks Eldridge,M,2000-05-05,223
2344203558,Joel Lewendon,M,1955-07-02,224
1420549769,Ailee Colman,F,1959-05-23,226
9858493062,Brit Pickle,M,1958-09-06,230
7667956620,Danie Mariel,M,1968-05-07,231
6553467549,Karlotte Kenefick,F,1986-05-27,232
9275439483,Meridith Mason,F,1973-03-16,233
2099521250,Rutledge Whiting,M,1940-05-29,235
8352311742,Tonya Mutch,F,1978-08-22,238
6161664413,Conn Blondin,M,1962-05-09,241
2088988114,Ulric Dewdney,M,1997-12-02,243
6208384852,Dall Hamilton,M,1967-12-21,244
8238793274,Fanny Waything,F,1962-10-03,246
8499501173,Rozalie Ygoe,F,1965-10-22,247
5714100968,Duff McLay,M,1947-09-07,252
6267964293,Sally Harbron,F,1966-07-23,253
9871220299,Britta Stanhope,F,1971-06-28,257
3378491024,Verne Cawthorne,M,1967-10-24,258
4312906809,Leila Segge,F,1949-12-01,261
302780305,Thacher Dunston,M,1981-04-12,262
6338636823,Carmina Posse,F,1979-06-24,263
4663797894,Delano Matyja,M,1978-08-17,265
2607106726,Davon Firby,M,1978-09-06,268
9883665212,Artair Mealham,M,1996-08-03,271
7105870153,Isahella Snar,F,1953-05-06,274
8112763752,Pauline Burdikin,F,1977-04-24,275
3180999025,Georgeta Pavlata,F,1996-12-15,276
4707991551,Lin Getten,F,1998-02-27,283
8281262464,Christalle Jaulme,F,1980-11-03,285
5361729100,Cosetta Opy,F,1982-08-13,288
8822666699,Samaria Mallam,F,1996-12-09,291
4349100247,Wallace Arnoud,M,1985-03-15,293
3399350924,Moselle Broadfoot,F,1991-03-03,294
5817093694,Cyb Tingle,F,1949-12-13,295
328652352,Wilton Ramard,M,1996-07-10,5
3798278387,Mose Rake,M,1997-07-18,11
5816286405,Sigrid Busain,F,1984-01-12,12
6886486967,Prent Doneld,M,2001-02-01,15
8624304404,Claybourne Zink,M,1960-04-12,17
5404819842,Frans Bourdon,M,1947-05-08,19
685911482,Alameda Rundall,F,1994-12-26,20
4652713723,Berkley Jerams,M,1953-09-05,22
8988477556,Rozalie Goldstein,F,1946-04-30,23
3470992286,Konstantine Snuggs,M,1951-10-06,24
4317310075,Silvia Fyndon,F,1990-11-08,25
4638600180,Katee Lanham,F,1956-12-24,28
6121402980,Reinwald Kyllford,M,1940-11-18,29
9577461236,Eadie Vigors,F,1992-05-20,33
9841552798,Essie Embleton,F,1997-07-02,34
9775300436,Tabatha Wharf,F,1968-01-18,35
8243751507,Myrvyn Gulk,M,2003-03-14,39
8061611479,Normand McLoney,M,1993-02-06,46
3666144670,Radcliffe Rookledge,M,1962-08-08,47
9157482080,Curry Twelftree,M,1971-09-15,52
56165573,Adora Meaddowcroft,F,1966-06-25,54
8703289571,Marcel Royal,M,1941-03-24,57
2486401016,Edwina Glentz,F,1974-10-30,58
2507630361,Isabel Matthews,F,2001-09-21,59
6277599406,Katy Bedbrough,F,1975-09-01,61
7066707828,Ximenes Neligan,M,1967-06-08,65
9871252614,Lurline Rolfini,F,1973-11-25,73
6440227761,Federica Blucher,F,1941-01-03,77
779401380,Cordie Hartus,F,2002-09-09,81
2776066120,Claire Rosenberg,M,1963-11-19,85
7433332349,Clemens Chettoe,M,1942-09-27,86
6405324361,Jocelyn Maseyk,F,1952-10-01,90
7783466889,Rozalin Gallimore,F,1943-07-16,95
8065658703,Lynelle Garfield,F,1944-03-01,97
4080684697,Rahel Goudie,F,1965-02-21,100
894065428,Bettina Halgarth,F,1963-06-05,103
8683724253,Newton Barby,M,1946-09-15,104
4241628491,Merrily Burdis,F,1992-06-26,108
6849094824,Ari Aps,M,1963-12-11,110
9164057515,Saundra Sperring,M,1941-07-13,115
1860633800,Bethina Kynston,F,1986-11-23,121
1836674924,Jasmina Sims,F,1993-08-25,123
7499738646,Brady McCluin,M,1941-03-06,125
8282298976,Jeff Sarl,M,1992-01-26,127
1886360475,Lilith Goldstein,F,1942-03-04,128
811917479,Alleyn Castree,M,1942-12-29,138
1484169486,Adolphus Jeynes,M,1949-07-24,139
2818551474,Orsola Mcwhinnie,F,2000-04-13,142
4471974793,Merrill Gilbert,M,1969-10-21,145
4007895510,Ruthann Jon,F,1983-11-28,147
2780964109,Simmonds Scranney,M,1963-03-25,148
8945458758,Melicent Olivari,F,1985-11-02,155
794101424,Wallie Appleford,F,1945-11-29,156
791433446,Karen McGeachy,F,1970-04-16,157
6102629324,Mellisa Ede,F,1972-03-16,164
8104338603,Hi Brabbs,M,1971-12-09,167
4741345278,Daryl Ambrosi,M,1972-09-27,170
241086447,Tish Billett,F,1993-06-14,174
9922830266,Erv Mattussevich,M,1988-07-24,175
9925576156,Etty Stollenbeck,F,1950-02-25,176
5246143849,Ware Lintill,M,2000-10-14,179
8427538359,Anthia Muttitt,F,1948-07-30,182
9550015273,Justen Rawles,M,1973-03-20,185
7989278240,Dayle Pfeffle,F,1968-02-18,199
2234372262,Kahaleel Pettingall,M,1972-03-17,203
5557336453,Piggy Davidofski,M,1942-02-27,204
9782357861,Carole Frude,F,1946-01-17,205
4162692215,Alard Billham,M,1979-06-22,206
7865091707,Raimondo Cleeton,M,1958-12-31,208
8976949532,Eduino Deere,M,1980-01-17,209
5013102904,Janice Bramer,F,1950-07-08,212
3785797044,Keenan McPhee,M,1981-03-01,213
2772851050,Prent Halahan,M,1947-08-15,214
2146845145,Dena Collopy,F,1996-12-14,221
3803332837,Aime Freckelton,F,1945-12-01,226
9074345888,Linzy Louche,F,1964-11-06,228
8927082196,Fanchon Gonsalvez,F,1997-05-31,230
3690431141,Jeffry Astill,M,1994-08-18,232
1463135925,Franny Fraczkiewicz,M,1952-09-10,233
6141342830,Dennet Bohlmann,M,1954-01-04,236
8628308430,Darius Beams,M,1988-03-12,243
5640674892,Nickolas Kinneir,M,1989-07-15,246
3228114198,Merline Chamley,F,1993-05-23,247
4303343735,Clint Philippou,M,1950-02-11,252
7680802882,Mignon Bellay,F,1982-03-26,257
3076557535,Magdalena Yakubowicz,F,1971-08-30,261
5412720409,Leland Imos,F,1956-07-17,267
9387406737,Hilary Mattschas,M,1984-07-31,268
6470000586,Britni Hamshaw,F,1971-09-11,269
620408285,Clevie Wringe,M,1979-01-27,272
9654521916,Jordanna Casini,F,1982-11-14,273
5390377607,Nilson Mullord,M,2001-12-01,274
4943580287,Claybourne De Laci,M,1945-11-23,275
9812216939,Athene McGarvie,F,1996-04-09,278
253730896,Thaddeus Jurca,M,1988-01-29,281
7038865727,Johannes Father,M,1959-01-27,282
1401114039,Tildie Billett,F,1952-08-15,283
6149969677,Danila Cheasman,F,1961-04-07,285
7364334029,Kent Dobbings,M,1971-06-20,286
3769969180,Germayne Stebbings,M,1993-11-14,288
3269906400,Anatola Gaggen,F,1955-04-01,296
5659707373,Heywood Brabender,M,1986-06-26,298
6932730143,Leora Waleworke,F,1954-07-04,300
6672221516,Drusy Blackston,F,1981-03-27,301
1386673675,Wildon Roughley,M,1979-03-18,302
2206013851,Jareb Yelden,M,1999-09-11,303
7277058645,Yelena Schimaschke,F,2003-02-16,305
6464723704,Aldrich Bryden,M,1945-12-01,308
2951439174,Glennis Redhills,F,1957-09-01,309
1401842589,Cristian Youngs,M,1953-06-02,311
1641526414,Tessa Jozwik,F,1959-07-05,313
1545471214,Hermione Kinnier,F,1946-09-23,314
2888823446,Katheryn Sammes,F,1986-01-31,316
3715275035,Kameko Castillou,F,1993-02-27,317
3508836201,Jerrome MacCarroll,M,1988-12-01,318
7036628595,Helene Camilletti,F,1976-01-16,319
9617617345,Claus Rihosek,M,1985-02-08,321
1352040827,Skippie Clews,M,1946-03-19,323
8807064634,Vassily Jeffryes,M,1977-04-16,324
6468892068,Dulcia Vannikov,F,1984-07-23,325
9999122396,Edgar Gilsthorpe,M,1993-10-04,327
1527771583,Janot Flucks,F,1944-02-28,333
564969763,Gilberto McWhinnie,M,1945-08-02,334
5654878129,Melisa Aloshkin,F,1968-07-06,335
8311656793,Gates De la Eglise,F,1943-07-19,336
